job_class,sum
集成电路IC设计/应用工程师、电子工程师/技术员,71
销售代表、技术支持工程师/技术员,3
工艺工程师/技术员,299
文案/策划,42
客服专员/助理,247
技术支持工程师/技术员,618
电子工程师/技术员,382
电气工程师/技术员,190
分销经理/主管、分销专员/助理,1
集成电路IC设计/应用工程师,785
家具设计/家居设计,3
工程/机械绘图员,55
财务专员/助理,82
销售工程师/技术员、技术支持工程师/技术员,3
维修工程师/技术员、技术支持工程师/技术员,4
生物工程/生物制药,17
项目工程师/技术员、项目经理/主管,5
技术支持工程师/技术员、网络工程师/技术员,3
软件工程师/技术员、自动控制工程师/技术员,4
技术支持工程师/技术员、FAE 现场应用工程师/技术员,18
商务专员/助理、客服专员/助理,3
质量管理、测试工程师/技术员,258
FAE 现场应用工程师/技术员、技术支持工程师/技术员,54
硬件测试工程师/技术员、维修工程师/技术员,3
园艺/园林/景观设计、建筑设计师,1
质检员/测试员,202
物流专员/助理,68
电源开发工程师/技术员,56
生产领班/组长,47
销售专员/助理、业务分析专员/助理,4
分销专员/助理,22
工艺工程师/技术员、设备工程师/技术员,6
质量管理、测试经理/主管,152
公路/桥梁/港口/隧道工程、市政工程师/技术员,1
C/C++开发工程师/技术员,122
市场/营销/拓展经理/主管、市场/营销/拓展经理/主管,6
自动控制工程师/技术员、电子工程师/技术员,2
质量管理、测试经理/主管、质量管理、测试经理/主管、,18
电子工程师/技术员、集成电路IC设计/应用工程师,37
电子工程师/技术员、电子工程师/技术员,100
财务经理/主管、财务经理/主管,2
销售代表、业务分析经理/主管,3
销售代表、分销专员/助理,9
工业设计、工程/机械绘图员,2
电气工程师/技术员、机电工程师/技术员,14
财务经理/主管,115
设备工程师/技术员、工程设备经理/主管、,6
维修工程师/技术员,74
质量管理、测试工程师/技术员、可靠度工程师/技术员,4
技术研发经理/主管,48
质量管理、测试工程师/技术员、供应商管理,3
软件工程师/技术员、技术支持工程师/技术员,3
生产计划/物料管理,218
维修工程师/技术员、电子工程师/技术员,17
射频工程师/技术员、维修工程师/技术员,2
维修工程师/技术员、维修工程师/技术员,16
客户专员/助理,1
集成电路IC设计/应用工程师、硬件工程师/技术员,11
工艺工程师/技术员、产品工程师/技术员,1
电子工程师/技术员、硬件测试工程师/技术员,13
生产计划/物料管理、生产文员,14
销售工程师/技术员、业务分析经理/主管,4
集成电路IC设计/应用工程师、IC验证工程师/技术员,45
销售专员/助理,5
产品经理/主管,227
电子工程师/技术员、电气工程师/技术员,16
技术支持工程师/技术员、销售工程师/技术员,3
外贸专员/助理,69
设备工程师/技术员,135
软件工程师/技术员、集成电路IC设计/应用工程师,9
电子工程师/技术员、电源开发工程师/技术员,15
工艺工程师/技术员、技术研发工程师/技术员,3
电子工程师/技术员、维修工程师/技术员,17
电气工程师/技术员、电子工程师/技术员,18
技术支持工程师/技术员、维修工程师/技术员,8
集成电路IC设计/应用工程师、模拟芯片工程师/技术员,37
市场/营销/拓展经理/主管,116
行政专员/助理、经理助理、秘书,4
工程/机械绘图员、工业设计,4
集成电路IC设计/应用工程师、FAE 现场应用工程师/技术员,14
销售经理/主管,30
商务经理/主管、商务专员/助理,5
IC验证工程师/技术员、集成电路IC设计/应用工程师,11
销售总监、业务分析经理/主管,4
技术文员/助理、图书管理员/资料管理员,1
分销专员/助理、销售代表,4
技术支持工程师/技术员、商务专员/助理,1
营运经理、生产计划/物料管理,1
激光/光电子技术,62
销售专员/助理、客服专员/助理,14
质量管理、测试工程师/技术员、质检员/测试员,17
仓库经理/主管、仓库管理员,7
电气工程师/技术员、软件工程师/技术员,4
电气工程师/技术员、自动控制工程师/技术员,28
活动策划、文案/策划,1
电子工程师/技术员、工业工程师/技术员,1
客服专员/助理、商务专员/助理,6
射频工程师/技术员、集成电路IC设计/应用工程师,4
文员、行政专员/助理,4
知识产权/专利/商标,62
技术支持工程师/技术员、技术支持经理/主管,20
人事专员/助理,173
技术支持工程师/技术员、光源与照明工程,2
项目执行/协调人员、项目经理/主管,5
行政专员/助理、后勤,6
算法工程师/技术员、集成电路IC设计/应用工程师,1
行政专员/助理,201
装配工程师/技术员,30
销售专员/助理、客户经理/主管,1
业务分析经理/主管、销售经理/主管,7
质量管理、测试工程师/技术员、质量管理、测试经理/主管、,17
人事专员/助理、行政专员/助理,10
光源与照明工程、激光/光电子技术,5
机械工程师/技术员、工艺工程师/技术员,4
基金项目经理/主管,13
FAE 现场应用工程师/技术员、电子工程师/技术员,8
客服专员/助理、销售代表,21
市场/营销/拓展经理/主管、市场专员/助理,2
技术文员/助理,47
产品经理/主管、市场/营销/拓展经理/主管,14
客服专员/助理、前台接待,1
商务专员/助理、商务经理/主管,9
集成电路IC设计/应用工程师、版图设计工程师/技术员,13
FAE 现场应用工程师/技术员、音响工程师/技术员,1
硬件工程师/技术员、集成电路IC设计/应用工程师,6
硬件工程师/技术员、电子工程师/技术员,26
维修工程师/技术员、工程设备经理/主管、,2
系统工程师/技术员、电子工程师/技术员,3
设备工程师/技术员、电气工程师/技术员,3
嵌入式硬件开发、集成电路IC设计/应用工程师,3
外贸专员/助理、客服专员/助理,1
法务经理/主管、法务专员/助理,57
软件工程师/技术员、技术总监/经理,2
给排水/暖通工程,17
工艺工程师/技术员、产品经理/主管,6
销售行政助理、行政专员/助理,1
电子工程师/技术员、技术研发工程师/技术员,3
网络管理、技术支持工程师/技术员,7
税务专员/助理,6
软件工程师/技术员、C/C++开发工程师/技术员,27
市场/营销/拓展专员、市场专员/助理,9
音响工程师/技术员,15
系统工程师/技术员、技术支持工程师/技术员,4
工程设备经理/主管、工程设备经理/主管、,1
财务专员/助理、税务专员/助理,1
客户经理/主管,50
激光/光电子技术、电子销售工程师/技术员,2
版图设计工程师/技术员、电子工程师/技术员,12
采购员/助理、行政专员/助理,2
化工实验室研究员/技术员、质检员/测试员,1
化工实验室研究员/技术员,34
FAE 现场应用工程师/技术员、集成电路IC设计/应用工程师,15
工厂经理/厂长、副总经理/副总裁,2
硬件测试工程师/技术员、电子工程师/技术员,10
自动控制工程师/技术员,41
质量管理、测试经理/主管、测试经理/主管,1
销售专员/助理、商务经理/主管,5
市场/营销/拓展总监、市场/营销/拓展经理/主管,7
质量管理、测试工程师/技术员、体系工程师/技术员,5
生产经理/主管、生产领班/组长,8
法务经理/主管、知识产权/专利/商标,1
通信技术工程师/技术员、电子工程师/技术员,5
自动控制工程师/技术员、电气工程师/技术员,11
机械工程师/技术员、化工工程师/技术员,1
化工工程师/技术员,30
项目经理/主管,72
项目经理/主管、项目经理/主管,14
工程设备经理/主管、,26
CNC工程师/技术员、技术支持工程师/技术员,1
业务分析经理/主管、业务分析专员/助理,1
产品经理/主管、机器视觉工程师/技术员,1
前台接待、行政专员/助理,23
销售行政助理、客服专员/助理,7
电子工程师/技术员、激光/光电子技术,3
客服专员/助理、客户经理/主管,3
物料经理/主管、物料专员/助理、供应链主管/专员,1
销售代表、商务经理/主管,2
技术支持经理/主管、技术支持工程师/技术员,12
电子工程师/技术员、工艺工程师/技术员,11
仓库经理/主管,29
业务分析经理/主管,56
技术支持经理/主管,19
集成电路IC设计/应用工程师、质量管理、测试工程师/技术员,2
涂料研发工程师/技术员、化工工程师/技术员,3
电气工程师/技术员、技术支持工程师/技术员,1
电气工程师/技术员、集成电路IC设计/应用工程师,1
市场/营销/拓展经理/主管、市场/营销/拓展专员,2
自动控制工程师/技术员、维修工程师/技术员,1
产品经理/主管、产品专员/助理,6
焊接工程师/技术员,27
版图设计工程师/技术员、集成电路IC设计/应用工程师,17
IC验证工程师/技术员、电子工程师/技术员,1
商务经理/主管,57
市场/营销/拓展专员,77
安全员、安全工程师/技术员,3
行政专员/助理、体系工程师/技术员,1
射频工程师/技术员、电子工程师/技术员,9
集成电路IC设计/应用工程师、数字前端工程师/技术员,23
生产经理/车间主任,31
电子工程师/技术员、技术支持工程师/技术员,5
设备工程师/技术员、机械工程师/技术员,3
集成电路IC设计/应用工程师、射频工程师/技术员,11
分销经理/主管、区域销售经理/主管,2
分销经理/主管,60
激光/光电子技术、市场分析/调研人员,1
技术支持工程师/技术员、电工,1
建筑制图/模型/渲染、室内设计,1
技术总监/经理、技术支持工程师/技术员,2
集成电路IC设计/应用工程师、器件工程师/技术员,1
技术支持工程师/技术员、网络管理,6
成本经理/主管、会计,1
外贸专员/助理、光源与照明工程,1
自动控制工程师/技术员、软件工程师/技术员,2
质量管理、测试经理/主管、供应商管理,3
硬件工程师/技术员、技术支持工程师/技术员,4
市场/营销/拓展总监,33
日语翻译、韩语/朝鲜语翻译,1
技术文员/助理、经理助理、秘书,2
质量管理、测试经理/主管、质检员/测试员,3
质检员/测试员、质量管理、测试工程师/技术员,24
技术支持工程师/技术员、多媒体开发工程师/技术员,1
销售代表、知识产权/专利/商标,1
工程/机械绘图员、版图设计工程师/技术员,1
技术文档工程师/技术员、技术文员/助理,3
机械工程师/技术员、自动控制工程师/技术员,1
首席技术执行官CTO、首席信息官CIO、技术总监/经理,3
技术研发经理/主管、总工程师/技术员、副总工程师/技术员,2
结构工程师/技术员、项目经理/主管,1
机电工程师/技术员、工艺工程师/技术员,1
总监/部门经理,16
招商/租赁/租售,5
建筑制图/模型/渲染,4
项目执行/协调人员,43
行政经理/主管、办公室主任,32
行政专员/助理、商务专员/助理,3
质量管理、测试经理/主管、体系工程师/技术员,4
技术研发经理/主管、机械工程师/技术员,2
建筑工程管理、项目经理/主管,24
生产经理/主管、生产计划/物料管理,5
销售总监、市场/营销/拓展总监,5
机械工程师/技术员、工程/机械绘图员,12
硬件工程师/技术员、技术总监/经理,2
仓库管理员、物料经理/主管、物料专员/助理,10
集成电路IC设计/应用工程师、嵌入式软件开发,4
销售行政助理、业务分析专员/助理,4
水利/水电工程师/技术员,4
激光/光电子技术、电子工程师/技术员,4
电子工程师/技术员、版图设计工程师/技术员,5
网店店长、美工/电商设计师,1
仓库管理员、仓库经理/主管,8
总工程师/技术员、副总工程师/技术员、项目经理/主管,2
销售经理/主管、业务分析经理/主管,24
技术研发工程师/技术员、电子工程师/技术员,2
装配工程师/技术员、机械工程师/技术员,1
行政专员/助理、质量管理、测试工程师/技术员,1
业务分析经理/主管、区域销售经理/主管,3
线上运营专员、线上运营经理/主管、,3
化工实验室研究员/技术员、化工工程师/技术员,5
安全工程师/技术员,43
行政专员/助理、采购员/助理,3
市场/营销/拓展经理/主管、媒介经理/主管,1
设备工程师/技术员、技术支持工程师/技术员,4
技术支持工程师/技术员、销售专员/助理,2
技术研发经理/主管、工程设备经理/主管、,1
音响工程师/技术员、音效师,1
活动策划、产品专员/助理,1
激光/光电子技术、仪器/仪表/计量分析师,2
生产经理/车间主任、工厂经理/厂长,2
工艺工程师/技术员、结构工程师/技术员,2
电工、电气工程师/技术员,2
工艺工程师/技术员、产品专员/助理,2
工程设备经理/主管、生产经理/车间主任,1
电子工程师/技术员、自动控制工程师/技术员,9
生产经理/主管、生产经理/车间主任,5
激光/光电子技术、技术研发工程师/技术员,4
安全经理/主管、安全工程师/技术员,3
市场分析/调研人员,12
市场企划经理/主管,22
经理助理、秘书、行政专员/助理,5
行政专员/助理、韩语/朝鲜语翻译,1
建筑工程验收、质量管理、测试工程师/技术员,2
业务分析经理/主管、大客户管理,4
外贸专员/助理、业务跟单,11
工程/机械绘图员、机械工程师/技术员,5
销售经理/主管、销售行政助理,1
市场企划经理/主管、促销主管/督导/巡店,1
维修工程师/技术员、设备工程师/技术员,9
产品专员/助理,17
电子工程师/技术员、嵌入式软件开发,5
安全工程师/技术员、质检员/测试员,1
销售经理/主管、市场/营销/拓展经理/主管,18
项目经理/主管、项目工程师/技术员,4
网络销售/在线销售,31
仪器/仪表/计量分析师、电子工程师/技术员,2
销售工程师/技术员、网络销售/在线销售,4
质量管理、测试经理/主管、质量管理、测试工程师/技术员、,12
电子工程师/技术员、射频工程师/技术员,2
人事经理/主管,26
外贸专员/助理、外贸经理/主管,6
集成电路IC设计/应用工程师、技术总监/经理,1
销售工程师/技术员、外贸专员/助理,1
工业设计、文案/策划,1
硬件测试工程师/技术员、电源开发工程师/技术员,2
审计经理/主管、审计专员/助理,1
工艺工程师/技术员、激光/光电子技术,1
市场分析/调研人员、产品经理/主管,2
单证员、船务/空运陆运,1
技术研发工程师/技术员、工艺工程师/技术员,6
文案/策划、市场/营销/拓展专员,1
集成电路IC设计/应用工程师、工艺工程师/技术员,4
市场分析/调研人员、市场专员/助理,2
出纳员、财务专员/助理,14
嵌入式软件开发、技术支持工程师/技术员,1
商务经理/主管、销售代表,2
供应链主管/专员,21
培训专员/助理,18
结构工程师/技术员、工业设计,10
实验室负责人/工程师/技术员,21
化工工程师/技术员、技术研发工程师/技术员,4
生产经理/车间主任、生产经理/主管,11
项目经理/主管、建筑工程管理、项目经理/主管,2
分销经理/主管、销售经理/主管,2
线上运营经理/主管、,10
业务跟单、外贸专员/助理,8
安全员、安全经理/主管,2
人事经理/主管、行政经理/主管、办公室主任,9
客服经理/主管、网络销售/在线销售,1
FAE 现场应用工程师/技术员、电源开发工程师/技术员,3
技术支持工程师/技术员、安防系统工程师/技术员,1
结构工程师/技术员、电子工程师/技术员,1
技术文员/助理、项目工程师/技术员,1
采购员/助理,3
审计经理/主管,14
技术支持工程师/技术员、项目经理/主管,1
硬件测试工程师/技术员、集成电路IC设计/应用工程师,11
美工/电商设计师,29
热能工程师/技术员,6
分销经理/主管、销售工程师/技术员,1
销售代表、销售经理/主管,2
总工程师/技术员、副总工程师/技术员、电子工程师/技术员,1
文案/策划、产品专员/助理,1
产品经理/主管、产品工程师、采购经理/主管,1
财务经理/主管、会计,6
电子工程师/技术员、FAE 现场应用工程师/技术员,7
测试经理/主管、项目执行/协调人员,1
人事专员/助理、总裁助理、总经理助理,1
机械工程师/技术员、夹具工程师/技术员,1
网络销售/在线销售、电话销售,2
房地产中介/置业顾问,5
媒介专员/助理、市场/营销/拓展专员,1
外贸经理/主管、外贸专员/助理,6
电子工程师/技术员、电子产品经理/主管、产品工程师,1
销售专员/助理、市场/营销/拓展专员,2
硬件工程师/技术员、电源开发工程师/技术员,2
化工工程师/技术员、机械工程师/技术员,1
公关经理、行政经理/主管、办公室主任,1
集成电路IC设计/应用工程师、自动控制工程师/技术员,1
市场/营销/拓展经理/主管、电子产品经理/主管、产品工程师,1
总裁助理、总经理助理、行政专员/助理,1
工业设计、版图设计工程师/技术员,1
销售工程师/技术员、工艺工程师/技术员,1
生产文员、生产计划/物料管理,2
客服专员/助理、网络销售/在线销售,4
焊接工程师/技术员、结构工程师/技术员,1
销售经理/主管、客户经理/主管,18
美工/电商设计师、网页设计师,1
质量管理、测试经理/主管、工程师/技术员,1
财务专员/助理、会计,10
市场分析/调研人员、市场/营销/拓展经理/主管,1
产品经理/主管、销售经理/主管,1
工艺工程师/技术员、技术研发经理/主管,1
集成电路IC设计/应用工程师、硬件测试工程师/技术员,4
网页设计师、美工/电商设计师,1
质量管理、测试工程师/技术员、硬件测试工程师/技术员,1
项目经理/主管、产品工程师,1
IT经理/主管,27
业务分析经理/主管、商务经理/主管,2
促销员/导购员,7
设备工程师/技术员、维修工程师/技术员,19
硬件测试工程师/技术员、质检员/测试员,2
证券/期货/外汇经纪人,6
维修专员/助理,1
总裁助理、总经理助理、企业秘书/董事会秘书,3
模具工程师/技术员、夹具工程师/技术员,1
新媒体运营、线上运营经理/主管、,1
组装工、装配工程师/技术员,2
分销专员/助理、客户专员/助理,1
生产计划/物料管理、生产领班/组长,7
生产领班/组长、生产经理/主管,3
外贸经理/主管、电商运营,1
工厂经理/厂长、生产经理/主管,3
自动控制工程师/技术员、技术研发工程师/技术员,3
集成电路IC设计/应用工程师、电子软件开发,5
销售总监、副总经理/副总裁,1
生产经理/主管、工艺工程师/技术员,2
韩语/朝鲜语翻译、芯片销售工程师/技术员,1
音响工程师/技术员、电子工程师/技术员,1
质检员/测试员、食品/饮料研发,1
食品/饮料研发、技术研发工程师/技术员,1
电气工程师/技术员、装配工程师/技术员,1
技术支持工程师/技术员、集成电路IC设计/应用工程师,6
工程设备经理/主管、技术研发经理/主管,1
结构工程师/技术员、建筑工程师/技术员,1
建筑安装施工员、给排水/暖通工程,1
工艺工程师/技术员、生产经理/主管,2
体系工程师/技术员、质检员/测试员,1
电子工程师/技术员、项目经理/主管,2
合规经理/主管、合规专员/助理,9
技术研发工程师/技术员、工程设备经理/主管、,2
工业工程师/技术员、项目经理/主管,1
市场分析/调研人员、市场企划经理/主管,2
技术支持工程师/技术员、电子软件开发,1
技术支持工程师/技术员、硬件工程师/技术员,2
审计专员/助理,15
版图设计工程师/技术员、电气工程师/技术员,1
成本经理/主管,19
集成电路IC设计/应用工程师、产品经理/主管、产品工程师,2
技术文员/助理、技术文档工程师/技术员,1
生产计划/物料管理、物料经理/主管,1
客户经理/主管、客服专员/助理,1
集成电路IC设计/应用工程师、数字后端工程师/技术员,5
网络工程师/技术员、技术支持工程师/技术员,3
外贸经理/主管、业务跟单,2
设备工程师/技术员、硬件测试工程师/技术员,2
生产经理/主管、电子工程师/技术员,2
市场/营销/拓展专员、产品专员/助理,4
防损员/内保,1
产品工程师/技术员、工程设备经理/主管、,1
系统工程师/技术员,2
音响工程师/技术员、系统工程师/技术员,2
装配工程师/技术员、组装工,3
激光/光电子技术、技术支持工程师/技术员,5
仪器/仪表/计量分析师,6
电子工程师/技术员、生产领班/组长,2
集成电路IC设计/应用工程师、嵌入式硬件开发,3
电子工程师/技术员、机械工程师/技术员,1
技术支持工程师/技术员、网络销售/在线销售,1
网络销售/在线销售、大客户销售,2
分销经理/主管、市场/营销/拓展经理/主管,1
项目经理/主管、电子工程师/技术员,4
生产文员、技术文员/助理,1
市场/营销/拓展经理/主管、销售经理/主管,2
商务经理/主管、客服专员/助理,1
技术文员/助理、网络工程师/技术员,1
技术支持工程师/技术员、测试工程师/技术员,2
供应商管理、质量管理、测试工程师/技术员,6
电气工程师/技术员、机械工程师/技术员,1
生物工程/生物制药、化工工程师/技术员,1
工艺工程师/技术员、项目经理/主管,4
电子工程师/技术员、工程设备经理/主管、,1
业务分析经理/主管、FAE 现场应用工程师/技术员,1
机械工程师/技术员、设备工程师/技术员,6
市场/营销/拓展经理/主管、产品经理/主管,7
电工、装配工程师/技术员,2
FAE 现场应用工程师/技术员、产品经理/主管,3
网络销售/在线销售、大客户管理,1
科研人员、技术文员/助理,1
材料工程师/技术员、工艺工程师/技术员,2
业务分析经理/主管、供应商管理,1
企业文化/员工关系/工会管理,58
图书管理员/资料管理员,1
工艺工程师/技术员、电源开发工程师/技术员,1
行政专员/助理、总裁助理、总经理助理,1
生产计划/物料管理、物料经理/主管、物料专员/助理,7
电气工程师/技术员、销售代表,1
通信技术工程师/技术员、集成电路IC设计/应用工程师,2
故障分析工程师/技术员、电子工程师/技术员,1
设备工程师/技术员、夹具工程师/技术员,1
生产计划/物料管理、业务分析专员/助理,2
成本经理/主管、成本管理员,6
模拟芯片工程师/技术员、音响工程师/技术员,1
模拟芯片工程师/技术员、集成电路IC设计/应用工程师,28
工艺工程师/技术员、工业工程师/技术员,4
电气工程师/技术员、组装工,1
产品工程师/技术员、工程/机械绘图员,1
技术支持工程师/技术员、业务分析经理/主管,3
软件工程师/技术员、技术支持经理/主管,1
技术支持工程师/技术员、机器视觉工程师/技术员,1
影视策划/制作人员、后期制作,1
工程/机械绘图员、电气工程师/技术员,1
项目总监、轨道交通工程师/技术员,1
技术支持工程师/技术员、网站维护工程师/技术员,2
注塑工程师/技术员,8
嵌入式硬件开发、维修工程师/技术员,1
副总经理/副总裁,10
财务经理/主管、成本经理/主管,4
市场/营销/拓展经理/主管、市场企划经理/主管,3
销售经理/主管、分销经理/主管,10
C/C++开发工程师/技术员、.NET开发工程师/技术员,3
实验室负责人/工程师/技术员、质量管理、测试工程师/技术员,2
首席执行官CEO/总裁/总经理,5
测试工程师/技术员、技术支持工程师/技术员,1
设备工程师/技术员、采购员/助理、质量管理,1
技术支持工程师/技术员、普工、操作工,1
质检员/测试员、化验员,1
质检员/测试员、审核员,3
ERP实施顾问、技术支持工程师/技术员,2
电子产品经理/主管、产品工程师、电子设备工程师/技术员,1
技术研发经理/主管、技术研发工程师/技术员,3
质量管理、测试工程师/技术员、故障分析工程师/技术员,5
分销专员/助理、销售工程师/技术员,6
机电工程师/技术员、电气工程师/技术员,1
芯片销售工程师/技术员、产品经理/主管、产品工程师,4
化工实验室研究员/技术员、质量管理、测试工程师/技术员,1
电气工程师/技术员、结构工程师/技术员,1
系统架构设计师、技术总监/经理,2
技术支持工程师/技术员、电子工程师/技术员,2
电子工程师/技术员、安防系统工程师/技术员,1
客户经理/主管、大客户销售,4
硬件测试工程师/技术员、音响工程师/技术员,1
集成电路IC设计/应用工程师、技术研发工程师/技术员,2
销售经理/主管、外贸经理/主管,2
模拟芯片工程师/技术员、电子工程师/技术员,2
电子产品经理/主管、产品工程师、产品经理/主管,5
导演/编导、影视策划/制作人员,1
工程/机械绘图员、热能工程师/技术员,1
安全经理/主管,13
餐饮店长/经理,1
金融/经济研究员,3
项目经理/主管、自动控制工程师/技术员,1
嵌入式硬件开发、电子工程师/技术员,2
电子工程师/技术员、嵌入式硬件开发,3
线上运营经理/主管、市场企划经理/主管,1
市场/营销/拓展总监、销售总监,1
销售经理/主管、分销专员/助理,3
集成电路IC设计/应用工程师、软件工程师/技术员,2
业务分析专员/助理,14
供应商管理、质检员/测试员,2
体系工程师/技术员、质量管理、测试经理/主管,4
项目执行/协调人员、技术文档工程师/技术员,1
行政专员/助理、销售行政助理,2
硬件工程师/技术员、产品经理/主管,2
集成电路IC设计/应用工程师、项目执行/协调人员,1
硬件测试工程师/技术员、技术支持工程师/技术员,2
飞行器设计与制造技术研发经理/主管,1
技术研发工程师/技术员、技术研发经理/主管,6
技术研发工程师/技术员、集成电路IC设计/应用工程师,1
融资经理/主管,2
工艺工程师/技术员、冲压工程师/技术员,2
电商经理/主管,12
工艺工程师/技术员、机电工程师/技术员,3
安全工程师/技术员、安全员,9
投资/理财顾问、基金项目经理/主管,1
.NET开发工程师/技术员、C/C++开发工程师/技术员,1
质量管理、测试工程师/技术员、电子工程师/技术员,1
外贸经理/主管,28
技术研发工程师/技术员、工程/机械绘图员,3
软件工程师/技术员、电子工程师/技术员,1
化工工程师/技术员、化学分析测试员,2
业务分析经理/主管、市场/营销/拓展经理/主管,1
客户专员/助理、业务分析经理/主管,1
ERP实施顾问、技术支持经理/主管,1
展览/展示/店面设计,6
集成电路IC设计/应用工程师、芯片架构工程师/技术员,6
质检员/测试员、质量管理、测试经理/主管,4
家用电器/数码产品研发,3
质检员/测试员、电子工程师/技术员,2
人事经理/主管、行政专员/助理,1
工艺工程师/技术员、生产领班/组长,2
激光/光电子技术、产品经理/主管,2
测试工程师/技术员、仪器/仪表/计量分析师,1
电子工程师/技术员、电子软件开发,3
工业工程师/技术员、工艺工程师/技术员,3
可靠度工程师/技术员、集成电路IC设计/应用工程师,1
技术支持工程师/技术员、设备工程师/技术员,2
技术研发工程师/技术员、激光/光电子技术,3
C/C++开发工程师/技术员、系统工程师/技术员,1
市场分析/调研人员、产品专员/助理,1
变压器与磁电工程师/技术员、电子工程师/技术员,1
装配工程师/技术员、电气工程师/技术员,1
电源开发工程师/技术员研究员,1
设备工程师/技术员、机电工程师/技术员,2
集成电路IC设计/应用工程师、电气工程师/技术员,2
激光/光电子技术、工艺工程师/技术员,3
电子工程师/技术员、IC验证工程师/技术员,1
动画/3D设计,9
C/C++开发工程师/技术员、软件工程师/技术员,22
销售工程师/技术员、集成电路IC设计/应用工程师,1
电子工程师/技术员、结构工程师/技术员,1
维修工程师/技术员、电工,1
销售专员/助理、网络销售/在线销售,1
商务专员/助理、行政专员/助理,1
电气工程师/技术员、研发工程师/技术员,3
设备工程师/技术员、机修工,1
自动控制工程师/技术员、工业工程师/技术员,1
测试工程师/技术员、质检员/测试员,1
工艺工程师/技术员、装配工程师/技术员,3
产品工程师/技术员、工艺工程师/技术员,1
维修工程师/技术员、质检员/测试员,1
集成电路IC设计/应用工程师、仪器/仪表/计量分析师,1
机电工程师/技术员、给排水/暖通工程,2
安防系统工程师/技术员,3
技术支持经理/主管、化工工程师/技术员,2
技术支持工程师/技术员、化工工程师/技术员,1
生产经理/车间主任、电子工程师/技术员,1
分销经理/主管、分销经理/主管,1
客户经理/主管、销售工程师/技术员,2
产品经理/主管、产品工程师,73
技术支持工程师/技术员、客户专员/助理,1
设备工程师/技术员、工艺工程师/技术员,5
设备工程师/技术员、电子工程师/技术员,9
集成电路IC设计/应用工程师、系统工程师/技术员,2
猎头/人才中介,5
生产/营运,1
人事专员/助理、人事专员/助理,5
项目执行/协调人员、电子工程师/技术员,1
广告创意经理/主管,1
护士/护理,1
技术支持工程师/技术员、电气工程师/技术员,1
工程/机械绘图员、电子工程师/技术员,1
企业秘书/董事会秘书,18
物流/仓储,1
生产文员、客服专员/助理,1
市场/营销/拓展专员、销售专员/助理,1
电机工程师/技术员、技术研发经理/主管,1
产品经理/主管、产品工程师、芯片架构工程师/技术员,1
网络销售/在线销售、客服专员/助理,1
数字前端工程师/技术员、集成电路IC设计/应用工程师,7
技术支持工程师/技术员、ERP实施顾问,1
集成电路IC设计/应用工程师、市场专员/助理,1
影视策划/制作人员,7
客服专员/助理、外贸专员/助理,1
硬件工程师/技术员、视觉设计师,1
质量管理、测试经理/主管、质量工程师/技术员,1
外贸专员/助理、大客户销售,1
行政专员/助理、前台接待,12
集成电路IC设计/应用工程师、产品工程师/技术员,1
单证员、外贸专员/助理,1
产品经理/主管、产品工程师、集成电路IC设计/应用工程师,2
集成电路IC设计/应用工程师、射频芯片设计,6
文员、生产计划/物料管理,1
维修工程师/技术员、嵌入式硬件开发,2
市场/营销/拓展经理/主管、市场/营销/拓展总监,2
行政经理/主管、办公室主任、行政专员/助理,4
工程设备经理/主管、电子工程师/技术员,2
客户经理/主管、大客户管理,1
物料经理/主管、物料专员/助理,20
供应链主管/专员、物流主管,1
电气工程师/技术员、设备工程师/技术员,1
工程/机械绘图员、技术研发工程师/技术员,3
仓库管理员、质检员/测试员,1
质检员/测试员、普工、操作工,5
外贸专员/助理、销售代表,2
生产/营运、生产计划/物料管理,1
计算机辅助设计工程师/技术员、项目执行/协调人员,1
客服经理/主管,2
技术支持工程师/技术员、自动控制工程师/技术员,3
硬件工程师/技术员、电子产品经理/主管、产品工程师,1
自动控制工程师/技术员、硬件工程师/技术员,2
FAE 现场应用工程师/技术员、自动控制工程师/技术员,1
技术支持工程师/技术员、硬件测试工程师/技术员,2
电气工程师/技术员、嵌入式软件开发,2
工程/机械绘图员、机电工程师/技术员,2
电子产品经理/主管、产品工程师,27
行政专员/助理、人事专员/助理,6
自动控制工程师/技术员、机电工程师/技术员,1
结构工程师/技术员、工程/机械绘图员,3
芯片测试工程师/技术员、集成电路IC设计/应用工程师,3
技术总监/经理,26
机电工程师/技术员、自动控制工程师/技术员,2
技术总监/经理、IT经理/主管,1
工程设备经理/主管、设备工程师/技术员,1
技术支持工程师/技术员、激光/光电子技术,4
焊工、焊接工程师/技术员,2
技术支持工程师/技术员、产品经理/主管,1
园艺/园林/景观设计、,3
技术支持工程师/技术员、客服专员/助理,4
机械工程师/技术员、装配工程师/技术员,1
装配工程师/技术员、电工,2
电气工程师/技术员、变压器与磁电工程师/技术员,1
项目工程师/技术员、项目执行/协调人员,2
工艺工程师/技术员、机械工程师/技术员,2
集成电路IC设计/应用工程师、封装工程师/技术员,1
芯片架构工程师/技术员、C/C++开发工程师/技术员,1
产品专员/助理、文案/策划,2
影视策划/制作人员、导演/编导,1
嵌入式硬件开发、C/C++开发工程师/技术员,2
集成电路IC设计/应用工程师、版图工程师/技术员,1
集成电路IC设计/应用工程师、芯片测试工程师/技术员,3
集成电路IC设计/应用工程师、技术支持工程师/技术员,1
Android开发工程师/技术员、C/C++开发工程师/技术员,1
质量管理、测试工程师/技术员、质量工程师/技术员,2
产品经理/主管、项目经理/主管,1
电子工程师/技术员、医药技术研发人员,1
项目经理/主管、技术支持工程师/技术员,3
门店经理/店长,4
知识产权/专利/商标、科研管理人员,1
企业文化/员工关系/工会管理、培训专员/助理,1
水利/水电工程师/技术员、工程设备经理/主管、,1
幕墙工程师/技术员,1
集成电路IC设计/应用工程师、技术研发经理/主管,1
工业设计、动画/3D设计,1
平面设计师、美工/电商设计师,3
文案/策划、公关专员/助理,1
装配工程师/技术员、维修工程师/技术员,2
产品经理/主管、文案/策划,1
市场企划经理/主管、产品经理/主管,1
媒介经理/主管、文案/策划,1
质量管理、测试工程师/技术员、储备干部,1
工业设计、机械工程师/技术员,1
生产领班/组长、生产计划/物料管理,3
业务分析经理/主管、销售代表,1
C/C++开发工程师/技术员、EDA工程师/技术员,1
轨道交通工程师/技术员,1
质检员/测试员、故障分析工程师/技术员,2
审核员、质量管理、测试工程师/技术员,1
韩语/朝鲜语翻译,5
外贸专员/助理、电商专员,1
合规经理/主管、合规专员/助理、储备干部,1
系统架构设计师、电气工程师/技术员,1
质量管理、测试工程师/技术员、材料工程师/技术员,1
质量管理、测试工程师/技术员、韩语/朝鲜语翻译,1
销售代表、外贸经理/主管,1
技术支持工程师/技术员、网络安全工程师/技术员,1
分销专员/助理、电话销售,2
产品专员/助理、产品经理/主管,9
分销经理/主管、合伙人,1
Web前端开发、C/C++开发工程师/技术员,1
前台接待、企业文化/员工关系/工会管理,1
客服专员/助理、技术支持工程师/技术员,4
锅炉工程师/技术员、热能工程师/技术员,1
技术研发经理/主管技术总监/经理,1
文案/策划、广告创意经理/主管、广告创意专员/助理,1
夹具工程师/技术员、工程/机械绘图员,1
网络销售/在线销售、线上运营专员,1
生产计划/物料管理、生产经理/车间主任,1
切割、冲压工程师/技术员,1
美工/电商设计师、平面设计经理/主管,1
项目经理/主管、项目执行/协调人员,8
产品经理/主管、热能工程师/技术员,1
销售工程师/技术员、市场/营销/拓展专员,2
行政专员/助理、文员,6
技术总监/经理、软件工程师/技术员,1
工程设备经理/主管、生产领班/组长,2
质量管理、测试经理/主管、采购员/助理、质量管理、,1
电商运营、电商经理/主管,2
产品经理/主管、区域销售经理/主管,1
金融/经济研究员、证券分析师,1
音响工程师/技术员、硬件工程师/技术员,1
综合门诊/全科医生,2
产品经理/主管、产品工程师、项目经理/主管,2
可靠度工程师/技术员、质量管理、测试工程师/技术员,1
运营经理/主管、产品经理/主管,1
专业顾问、技术总监/经理,1
销售工程师/技术员、分销专员/助理,6
电气工程师/技术员、系统工程师/技术员,2
技术研发经理/主管、工艺工程师/技术员,1
机电工程师/技术员、维修工程师/技术员,1
网络销售/在线销售、销售工程师/技术员,1
业务分析专员/助理、商务经理/主管,1
人事专员/助理、企业文化/员工关系/工会管理,3
通信电源工程师/技术员、电源开发工程师/技术员,2
财务经理/主管、财务分析员,3
业务分析经理/主管、销售工程师/技术员,4
行政专员/助理、财务专员/助理,1
审计经理/主管、项目经理/主管,1
系统工程师/技术员、IT经理/主管,1
集成电路IC设计/应用工程师、FPGA开发工程师/技术员,6
销售代表、网络销售/在线销售,6
市场专员/助理、市场企划经理/主管,2
技术研发工程师/技术员、电气工程师/技术员,1
美工/电商设计师、平面设计师,1
装配工程师/技术员、工艺工程师/技术员,1
硬件工程师/技术员、维修工程师/技术员,1
C/C++开发工程师/技术员、系统架构设计师,1
仿真应用工程师/技术员、集成电路IC设计/应用工程师,1
新媒体运营、文案/策划,3
游戏动画师、动画/3D设计,1
电商专员、分销专员/助理,1
工程造价师、预结算经理、给排水/暖通工程,1
销售代表、外贸专员/助理,3
公关专员/助理、产品专员/助理,1
机械工程师/技术员、技术支持经理/主管,1
销售代表、客服专员/助理,1
电子产品经理/主管、产品工程师、嵌入式软件开发,1
基金项目经理/主管、生物工程/生物制药,1
财务经理/主管、基金项目经理/主管,1
结构工程师/技术员,6
招投标管理、商务经理/主管,2
自动控制工程师/技术员、设备工程师/技术员,1
电子工程师/技术员、物业、机电工程师/技术员,1
生产计划/物料管理、普工、操作工,1
分销经理/主管、大客户销售,1
技术支持工程师/技术员、软件工程师/技术员,2
商务经理/主管、市场/营销/拓展专员,1
测试工程师/技术员、产品经理/主管、产品工程师,1
通信产品经理/主管、产品工程师、产品经理/主管、产品工程师、,1
订单处理员、客服专员/助理,1
自动控制工程师/技术员、嵌入式软件开发,1
PHP开发工程师/技术员、C/C++开发工程师/技术员,1
设备工程师/技术员、产品经理/主管、产品工程师,1
工程/机械绘图员、结构工程师/技术员,2
电工、电子工程师/技术员,1
系统架构设计师、C/C++开发工程师/技术员,2
嵌入式软件开发、电子工程师/技术员,6
技术支持工程师/技术员、产品经理/主管、产品工程师,1
语音识别工程师/技术员,1
结构工程师/技术员、结构工程师/技术员,1
仪器/仪表/计量分析师、计量工程师/技术员,1
水利/水电工程师/技术员、电子工程师/技术员,1
通信产品经理/主管、产品工程师,4
项目工程师/技术员,2
技术支持工程师/技术员、技术研发工程师/技术员,1
物料经理/主管、物料专员/助理、生产计划/物料管理,2
自动控制工程师/技术员、电子设备工程师/技术员,1
石油天然气技术人员、地质勘测工程师/技术员,1
审计专员/助理、成本管理员,1
Java开发工程师/技术员、C/C++开发工程师/技术员,2
策略发展总监、市场/营销/拓展总监,1
项目经理/主管、设备工程师/技术员,2
数字后端工程师/技术员、集成电路IC设计/应用工程师,1
技术支持工程师/技术员、项目执行/协调人员,1
成本管理员、成本经理/主管,3
维修工程师/技术员、自动化测试、,1
通信产品经理/主管、产品工程师、工艺工程师/技术员,2
财务专员/助理、出纳员,3
工程设备经理/主管、安全经理/主管,1
工程设备经理/主管、安全工程师/技术员,1
自动控制工程师/技术员、硬件测试工程师/技术员,1
后勤、行政专员/助理,1
采购员/助理、技术文员/助理,1
志愿者/社会工作者,1
软件工程师/技术员、电气工程师/技术员,1
产品经理/主管、产品工程师、技术,3
化学分析测试员、化工实验室研究员/技术员,1
电气工程师/技术员、硬件工程师/技术员,1
封装工程师/技术员、工艺工程师/技术员,1
FPGA开发工程师/技术员、集成电路IC设计/应用工程师,1
市场/营销/拓展专员、网络销售/在线销售,1
客户质量工程师/技术员、质量管理、测试工程师/技术员,1
房地产项目/策划经理、房地产投资管理,3
项目经理/主管、市场/营销/拓展经理/主管,1
线上运营经理/主管、线上运营专员,4
电源开发工程师/技术员研究员、技术员,1
组装工、客服专员/助理,1
分销经理/主管、外贸经理/主管,1
测试工程师/技术员、电子工程师/技术员,3
集成电路IC设计/应用工程师、可测性设计工程师/技术员,2
夹具工程师/技术员、结构工程师/技术员,1
C/C++开发工程师/技术员、嵌入式软件开发,5
平面设计经理/主管、网页设计师,1
网络销售/在线销售、销售代表,1
建筑工程管理、项目经理/主管、工程设备经理/主管、,1
首席执行官CEO/总裁/总经理、总裁助理、总经理助理,1
市场/营销/拓展经理/主管、会展经理/主管,1
行政经理/主管、办公室主任、销售经理/主管,1
客户经理/主管、业务跟单,3
通信项目经理/主管、项目执行/协调人员,1
自动化测试、维修工程师/技术员,1
门店经理/店长、店长助理,1
网络安全工程师/技术员,1
网站维护工程师/技术员,1
ETL开发工程师/技术员,1
公关专员/助理,1
芯片架构工程师/技术员、集成电路IC设计/应用工程师,1
培训专员/助理、人事专员/助理,2
维修工程师/技术员、失效分析工程师/技术员,1
销售经理/主管、技术支持工程师/技术员,5
市场/营销/拓展专员、市场分析/调研人员,6
电子产品经理/主管、产品工程师、工艺工程师/技术员,1
需求工程师/技术员、产品经理/主管,1
工程设备经理/主管、机修工,1
客服专员/助理、生产文员,1
安全工程师/技术员、化工工程师/技术员,1
机器学习工程师/技术员、培训经理/主管,1
电子工程师/技术员、机电工程师/技术员,2
生产计划/物料管理、供应商管理,1
机电工程师/技术员,1
无线通信工程师/技术员、通信产品经理/主管、产品工程师,1
工程设备经理/主管、电气工程师/技术员,1
副总经理/副总裁、营业部总经理/副总经理/副总裁,2
营业部总经理、副总经理/副总裁、副总经理/副总裁,1
集成电路IC设计/应用工程师、有线传输工程师/技术员,1
电子工程师/技术员、设备工程师/技术员,4
测试工程师/技术员、质量管理、测试工程师/技术员,3
市场企划经理/主管、市场企划经理/主管,1
供应链主管/专员、采购经理/主管,1
技术支持工程师/技术员、通信技术工程师/技术员,1
技术支持工程师/技术员、故障分析工程师/技术员,1
销售总监、分销经理/主管,2
夹具工程师/技术员、机电工程师/技术员,1
设备工程师/技术员、集成电路IC设计/应用工程师,1
项目执行/协调人员、质检员/测试员,1
生产计划/物料管理、生产经理/主管,3
装配工程师/技术员、结构工程师/技术员,1
FAE 现场应用工程师/技术员、设备工程师/技术员,1
电商专员、外贸专员/助理,2
质量管理、测试工程师/技术员、生产经理/主管,1
技术文员/助理、项目经理/主管,1
嵌入式软件开发、C/C++开发工程师/技术员,7
业务分析经理/主管、客户经理/主管,1
技术文员/助理、文员,1
分销经理/主管、市场/营销/拓展总监,1
仪器/仪表/计量分析师、技术支持工程师/技术员,1
人事经理/主管、人事专员/助理、秘书,1
质量管理、测试工程师/技术员、工艺工程师/技术员,4
结构工程师/技术员、工艺工程师/技术员,3
安全工程师/技术员、安全经理/主管,1
外贸专员/助理、订单处理员,1
外贸专员/助理、供应链主管/专员,1
市场/营销/拓展专员、市场/营销/拓展经理/主管,1
工厂经理/厂长,7
物料经理/主管、物料专员/助理、仓库管理员,2
室内设计、工程/机械绘图员,1
集成电路IC设计/应用工程师、光通信工程师/技术员,1
质检员/测试员、生产经理/主管,1
语音识别工程师/技术员、技术研发经理/主管,1
技术总监/经理、项目经理/主管,2
嵌入式软件开发、技术总监/经理,1
行政经理/主管、办公室主任、行政总监,1
科研管理人员、技术总监/经理,1
数控编程设备工程师/技术员,1
可测性设计工程师/技术员、集成电路IC设计/应用工程师,1
外贸经理/主管、销售经理/主管,2
工艺工程师/技术员、硬件工程师/技术员,1
客服经理/主管、技术支持工程师,1
金融/经济研究员、投资/理财顾问,1
生产经理/车间主任、生产计划/物料管理,1
市场/营销/拓展经理/主管、销售代表,2
财务专员/助理、会计助理,1
商务专员/助理、总裁助理、总经理助理,1
业务分析经理/主管、客户专员/助理,1
办事处/分公司/分支机构经理,2
副总经理/副总裁、合伙人,1
市场/营销/拓展经理/主管、芯片销售工程师/技术员,2
人事专员/助理、财务专员/助理,1
热能工程师/技术员、设备工程师/技术员,1
成本经理/主管、财务经理/主管,2
培训经理/主管,17
人事经理/主管、人事专员/助理,3
机械工程师/技术员、技术研发经理/主管,2
业务分析专员/助理、商务专员/助理,1
工程/机械绘图员、冲压工程师/技术员,1
射频芯片设计、集成电路IC设计/应用工程师,3
医药技术研发人员、化工实验室研究员/技术员,2
生产经理/主管、工厂经理/厂长,1
市场分析/调研人员、日语翻译,1
IT经理/主管、网络管理,1
化工工程师/技术员、科研人员,1
技术文员/助理、仪器/仪表/计量分析师,1
数据分析经理/主管,3
测试经理/主管、实验室负责人/工程师/技术员,1
供应链主管/专员、生产计划/物料管理,1
技术总监/经理、音响工程师/技术员,1
编辑导演/编导,1
测试工程师/技术员、集成电路IC设计/应用工程师,1
知识产权/专利/商标、销售代表,2
电商经理/主管、运营经理/主管、,1
客服专员/助理、客服经理/主管,2
采购员/助理、贸易/外贸专员,2
店员/营业员、促销员/导购员,3
客服专员/助理、客服专员/助理,3
电子工程师/技术员、电子元器件工程师/技术员,3
集成电路IC设计/应用工程师、电子元器件工程师/技术员,1
塑料工程师/技术员、化工实验室研究员/技术员,1
项目工程师/技术员、生产计划/物料管理,1
分销专员/助理、大客户销售,2
分销经理/主管、建筑设计师,1
质量管理、测试工程师/技术员、安全工程师/技术员,1
销售工程师/技术员、产品经理/主管、产品工程师,1
环保工程师/技术员、安全经理/主管,1
线上运营专员、市场/营销/拓展专员,4
后勤、客服专员/助理,3
设备工程师/技术员、销售工程师/技术员,1
会展经理/主管、市场分析/调研人员,1
化工工程师/技术员、工程设备经理/主管、,1
业务分析经理/主管、大客户销售,2
经理助理、秘书、商务专员/助理,1
C/C++开发工程师/技术员、图像处理工程师/技术员,1
算法工程师/技术员、自动控制工程师/技术员,1
电子工程师/技术员、硬件工程师/技术员,9
广告创意经理/主管、广告创意专员/助理、平面设计师,1
焊接工程师/技术员、夹具工程师/技术员,2
策略发展总监、副总经理/副总裁,1
维修工程师/技术员、普工、操作工,1
技术总监/经理、系统架构设计师,1
生产计划/物料管理、供应链主管/专员,2
仓库经理/主管、搬运工,1
销售经理/主管、产品经理/主管,1
客户经理/主管、销售经理/主管,3
项目执行/协调人员、建筑项目助理,1
供应商管理、供应链主管/专员,1
促销主管/督导/巡店,3
技术文档工程师/技术员、电子工程师/技术员,1
维修经理/主管,4
平面设计师、动画/3D设计,1
商务经理/主管、大客户管理,1
项目工程师/技术员、工程设备经理/主管、,1
设备工程师/技术员、装配工程师/技术员,3
猎头/人才中介、专业顾问,1
房地产项目/策划经理,1
动力总成工程师/技术员、设备工程师/技术员,1
物料经理/主管、物料专员/助理、生产文员,1
司仪婚礼/庆典策划服务,1
家政服务/保姆,1
市场/营销/拓展专员、商务专员/助理,1
测试工程师/技术员、电气工程师/技术员,3
实验室负责人/工程师/技术员、化工实验室研究员/技术员,1
化工工程师/技术员、化工实验室研究员/技术员,5
物料经理/主管、物料专员/助理、仓储管理员,1
集成电路IC设计/应用工程师、测试工程师/技术员,3
维修工程师/技术员、注塑工程师/技术员,1
产品专员/助理、市场/营销/拓展专员,3
IT经理/主管、首席技术执行官CTO、首席信息官CIO,1
进出口/信用证结算,4
企业文化/员工关系/工会管理、企业策划人员,1
仓库管理员、生产计划/物料管理,2
业务跟单、客服专员/助理,1
质检员/测试员、采购员/助理、质量管理,1
项目执行/协调人员、项目工程师/技术员,2
电子产品经理/主管、产品工程师、电源开发工程师/技术员,1
公关专员/助理、公关专员/助理,1
市场专员/助理、市场/营销/拓展专员,2
电子工程师/技术员、装配工程师/技术员,1
移动产品经理/主管、产品经理/主管,1
产品经理/主管、产品工程师、客户质量工程师/技术员,1
基金项目经理/主管、投资银行业务,1
规划与设计项目经理/主管,1
体系工程师/技术员、质量管理、测试工程师/技术员,3
热能工程师/技术员、给排水/暖通工程,2
产品经理/主管、产品工程师、测试工程师/技术员,1
总裁助理、总经理助理、销售经理/主管,1
主播/主持人、直播销售,1
产品经理/主管、产品工程师、销售经理/主管,1
人事专员/助理、培训经理/主管,1
产品经理/主管、产品工程师、FAE 现场应用工程师/技术员,2
知识产权/专利/商标、专业顾问,1
知识产权/专利/商标、情报信息分析人员,1
测试工程师/技术员、实验室负责人/工程师/技术员,2
工程/机械绘图员、模具工程师/技术员,1
给排水/暖通工程、机电工程师/技术员,1
工程设备经理/主管、项目经理/主管,1
生物工程/生物制药、化学分析测试员,1
芯片销售工程师/技术员、技术支持工程师/技术员,1
财务专员/助理、行政专员/助理,2
质量管理、测试工程师/技术员、失效分析工程师/技术员,1
注塑工、注塑工程师/技术员,1
生产计划/物料管理、采购员/助理,2
夹具工程师/技术员,7
图像处理工程师/技术员、C/C++开发工程师/技术员,1
工艺工程师/技术员、电子工程师/技术员,4
建筑机电工程师/技术员、工程/机械绘图员,1
知识产权/专利/商标、法务经理/主管、法务专员/助理,1
设备工程师/技术员、焊接工程师/技术员,1
产品经理/主管、电子工程师/技术员,1
平面设计经理/主管、平面设计师,1
激光/光电子技术、光源与照明工程,2
模拟芯片工程师/技术员、技术研发经理/主管,1
技术研发经理/主管、模拟芯片工程师/技术员,2
导演/编导,4
市场专员/助理、市场/营销/拓展经理/主管,1
工艺工程师/技术员、项目工程师/技术员,1
培训讲师、培训专员/助理,1
审计经理/主管、风险管理/控制,1
运营经理/主管、项目经理/主管,1
UI设计师、美工/电商设计师,1
激光/光电子技术、销售工程师/技术员,1
质量管理、测试经理/主管、供应商质量工程师/技术员,2
机器学习工程师/技术员、C/C++开发工程师/技术员,1
风险管理/控制,9
供应商管理、质量管理、测试经理/主管,1
培训专员/助理、档案管理员,1
叉车司机/铲车司机,5
需求工程师/技术员、激光/光电子技术,1
技术支持工程师/技术员、系统工程师/技术员,1
财务专员/助理、财务经理/主管,1
C/C++开发工程师/技术员、Python开发工程师/技术员,2
融资专员/助理、法务经理/主管、法务专员/助理,1
C/C++开发工程师/技术员、通信技术工程师/技术员,1
培训经理/主管、培训专员/助理,1
质量管理、测试经理/主管、技术总监/经理,1
建筑工程管理、项目经理/主管、房地产项目/策划经理,1
销售工程师/技术员、激光/光电子技术,2
工艺工程师/技术员、工艺工程师/技术员,1
业务分析经理/主管、技术研发经理/主管,1
建筑机电工程师/技术员、建筑工程管理、项目经理/主管,2
税务经理/主管,4
质量管理、测试经理/主管、项目总监,1
产品经理/主管、项目执行/协调人员,1
市场/营销/拓展专员、分销专员/助理,1
C/C++开发工程师/技术员、Go开发工程师/技术员,1
业务分析经理/主管、产品经理/主管、产品工程师,1
工艺工程师/技术员、产品经理/主管、产品工程师,2
结构工程师/技术员、电气工程师/技术员,1
市场/营销/拓展经理/主管、产品专员/助理,1
线上运营专员、文案/策划,1
技术文员/助理、资料员,1
市场/营销/拓展总监、市场/营销/拓展专员,1
新媒体运营、主播/主持人,1
热能工程师/技术员、机电工程师/技术员,1
电子产品经理/主管、产品工程师、技术支持工程师/技术员,1
项目执行/协调人员、运营专员,1
结构工程师/技术员、建筑制图/模型/渲染,1
质量管理、测试工程师/技术员、化工实验室研究员/技术员,1
技术支持工程师/技术员、电脑维修,1
质量工程师/技术员、质量管理、测试经理/主管,1
封装工程师/技术员、产品经理/主管、产品工程师,1
市场/营销/拓展经理/主管、分销经理/主管,1
技术支持工程师/技术员、机器人调试工程师/技术员,1
销售经理/主管、客户经理/主管、客户经理/主管,1
项目经理/主管、工业设计,1
技术支持工程师/技术员、配置管理工程师/技术员,1
统计员、财务专员/助理,1
光源与照明工程、电子工程师/技术员,1
外贸经理/主管、国内贸易人员,2
线上运营专员、外贸专员/助理,1
质量管理、测试经理/主管、可靠度工程师/技术员,1
市场分析/调研人员、市场/营销/拓展专员,2
质量管理、测试工程师/技术员、供应商质量工程师/技术员,1
客服专员/助理、订单处理员,1
产品经理/主管、化工工程师/技术员,1
运营专员、生产计划/物料管理,1
项目经理/主管、产品经理/主管,1
技术文员/助理、总裁助理、总经理助理,1
产品经理/主管、产品工程师、封装工程师/技术员,1
互联网营销师、市场/营销/拓展经理/主管,1
客户经理/主管、业务分析经理/主管,2
系统架构设计师、仪器/仪表/计量分析师,1
市场/营销/拓展专员、客服专员/助理,1
普工、操作工、轨道交通工程师/技术员,1
模具工程师/技术员、设备工程师/技术员,1
客服专员/助理、市场/营销/拓展专员,1
生产计划/物料管理、运营经理/主管、,2
焊工、给排水/暖通工程,1
化学分析测试员、生物工程/生物制药,1
建筑工程师/技术员,1
技术支持经理/主管、市场/营销/拓展专员,1
检验/检测,2
生物工程/生物制药、医药技术研发人员,1
商务经理/主管、业务分析经理/主管,1
市场/营销/拓展经理/主管、销售工程师/技术员,1
C/C++开发工程师/技术员、脚本开发工程师/技术员,1
FPGA开发工程师/技术员、电子工程师/技术员,1
业务分析经理/主管、线上运营专员,1
工艺工程师/技术员、工程设备经理/主管、,1
运营经理/主管、市场企划经理/主管,1
市场企划经理/主管、市场/营销/拓展经理/主管,2
激光/光电子技术、电气工程师/技术员,1
供应链主管/专员、订单处理员,1
工业工程师/技术员、工程设备经理/主管、,1
生产领班/组长、普工、操作工,1
合规经理/主管、风险管理/控制,1
工程师/技术员、机械工程师/技术员,1
注塑工程师/技术员、模具工程师/技术员,1
网站维护工程师/技术员、技术支持工程师/技术员,1
工艺工程师/技术员、材料工程师/技术员,1
客户经理/主管、分销经理/主管,1
市场专员/助理、市场分析/调研人员,1
工业设计、结构工程师/技术员,1
光通信工程师/技术员、集成电路IC设计/应用工程师,1
C/C++开发工程师/技术员、数字后端工程师/技术员,1
销售代表、市场/营销/拓展经理/主管,1
分销专员/助理、业务分析经理/主管,1
生产经理/车间主任、质量管理、测试经理/主管,1
生产计划/物料管理、订单处理员,2
客服专员/助理、后勤,1
采购员/助理、物料经理/主管、物料专员/助理,1
自动控制工程师/技术员、机器人调试工程师/技术员,1
电机工程师/技术员、电气工程师/技术员,1
审计经理/主管、合规经理/主管,1
电子工程师/技术员、电子销售工程师/技术员,1
美工/电商设计师、客服专员/助理,1
副总经理/副总裁、首席运营官COO,1
集成电路IC设计/应用工程师、EDA工程师/技术员,2
网络销售/在线销售、直播销售,1
电商运营、外贸经理/主管,1
测绘/测量,4
行政经理/主管、办公室主任、运营经理/主管、,1
审核员、安全经理/主管,1
维修经理/主管、维修工程师/技术员,1
投资/理财顾问,1
作家/撰稿人,1
工程师/技术员,1
运输经理/主管,1
营业部总经理、副总经理/副总裁,1
销售经理/主管、销售代表,1
打样/制版,1
会展经理/主管,7
主厨/厨师长,2
团购经理/主管,2
食品/饮料研发,1
客户经理/主管、客户经理/主管,2
冲压工程师/技术员,3
业务经理/主管,2
店员/营业员,5
主播/主持人,1
平面设计经理/主管,1
公路/桥梁/港口/隧道工程,1
服装/纺织/皮革跟单,1
集成电路IC设计/应用工程师、无线通信工程师/技术员,1
电子工程师/技术员、质检员/测试员,1
销售行政助理、外贸专员/助理,2
设备工程师/技术员、自动控制工程师/技术员,2
外贸专员/助理、项目执行/协调人员,1
外贸专员/助理、销售工程师/技术员,1
技术文员/助理、电子工程师/技术员,1
注塑工、装配工程师/技术员,1
客服专员/助理、经理助理、秘书,1
维修工程师/技术员、音响工程师/技术员,1
仪器/仪表/计量分析师、自动控制工程师/技术员,1
维修工程师/技术员、硬件测试工程师/技术员,2
产品工程师/技术员、项目经理/主管,1
集成电路IC设计/应用工程师、销售工程师/技术员,1
电子工程师/技术员、数字前端工程师/技术员,1
销售经理/主管、电子工程师/技术员,1
无线通信工程师/技术员、电气工程师/技术员,1
外贸专员/助理、行政专员/助理,1
普工、操作工、质检员/测试员,3
集成电路IC设计/应用工程师、通信技术工程师/技术员,2
化工工程师/技术员、工艺工程师/技术员,1
电子工程师/技术员、手机维修,1
销售工程师/技术员、电子工程师/技术员,2
夹具工程师/技术员、机械工程师/技术员,1
客户经理/主管、项目经理/主管,1
集成电路IC设计/应用工程师、计算机辅助设计工程师/技术员,1
生产计划/物料管理、生产计划/物料管理,1
技术支持工程师/技术员、电子设备工程师/技术员,1
项目经理/主管、行政专员/助理,1
电气工程师/技术员、工艺工程师/技术员,1
注塑工程师/技术员、模具工,1
销售行政助理、商务经理/主管,1
知识产权/专利/商标、经理助理、秘书,1
电气工程师/技术员、质量管理、测试经理/主管,1
电子工程师/技术员、家用电器/数码产品研发,1
建筑工程管理、项目经理/主管、建筑项目助理,2
装配工程师/技术员、机修工,1
质检员/测试员、给排水/暖通工程,1
网络销售/在线销售、客户经理/主管,1
CNC工程师/技术员、夹具工程师/技术员,2
行政专员/助理、客服专员/助理,1
前台接待、客服专员/助理,1
技术支持经理/主管、大客户管理,1
质检员/测试员、仪器/仪表/计量分析师,1
外贸经理/主管、市场/营销/拓展经理/主管,1
销售工程师/技术员、客户经理/主管,1
业务分析专员/助理、销售专员/助理,1
给排水/暖通工程、空调工,1
结构工程师/技术员、设备工程师/技术员,1
工程/机械绘图员、工艺工程师/技术员,1
移动开发工程师/技术员、通信产品经理/主管、产品工程师,1
技术文员/助理、测试工程师/技术员,1
电子工程师/技术员、电工,1
工业设计、展览/展示/店面设计,1
服装/纺织设计总监、技术支持工程师/技术员,1
图书管理员/资料管理员、行政专员/助理,1
总工程师/技术员、副总工程师/技术员、项目工程师/技术员,1
副总经理/副总裁、总监、部门经理,1
电源开发工程师/技术员、工艺工程师/技术员,1
工艺工程师/技术员、CNC工程师/技术员,1
集成电路IC设计/应用工程师、电源开发工程师/技术员,2
生产经理/主管、注塑工程师/技术员,1
锻造工程师/技术员,1
C/C++开发工程师/技术员、通信产品经理/主管、产品工程师,1
生产领班/组长、生产经理/车间主任,1
质量管理、测试工程师/技术员、客服专员/助理,1
韩语/朝鲜语翻译、软件工程师/技术员,1
嵌入式软件开发、自动控制工程师/技术员,1
质量管理、测试经理/主管、标准化工程师/技术员,1
销售经理/主管、客服经理/主管,1
自动控制工程师/技术员、技术支持工程师/技术员,1
模具工程师/技术员、冲压工程师/技术员,2
区域销售经理/主管、客户经理/主管,1
电气工程师/技术员、FAE 现场应用工程师/技术员,1
项目执行/协调人员、技术支持工程师/技术员,1
客户经理/主管、外贸专员/助理,1
电子工程师/技术员、系统工程师/技术员,1
工艺工程师/技术员、生产计划/物料管理,1
生产经理/车间主任、维修工程师/技术员,1
技术支持工程师/技术员、技术文员/助理,1
采购员/助理、采购经理/主管,1
网络销售/在线销售、分销专员/助理,1
经理助理、秘书、企业秘书/董事会秘书,1
电商经理/主管、电商运营,1
技术支持工程师/技术员、机电工程师/技术员,1
技术支持经理/主管、客服专员/助理,1
市场企划经理/主管、文案/策划,1
电子工程师/技术员、采购员/助理,1
电子工程师/技术员、销售专员/助理,1
技术文员/助理、技术支持工程师/技术员,1
分销专员/助理、分销专员/助理,1
通信技术工程师/技术员,1
质检员/测试员、测试工程师/技术员,1
技术研发工程师/技术员、技术文员/助理,1
体系工程师/技术员、安全工程师/技术员,1
人事专员/助理、销售行政助理,1
科研人员、化工实验室研究员/技术员,1
前台接待、商务经理/主管,1
工艺工程师/技术员、通信技术工程师/技术员,1
生产计划/物料管理、工艺工程师/技术员,1
销售工程师/技术员、生物工程/生物制药,1
建筑机电工程师/技术员、电气工程师/技术员,1
建筑机电工程师/技术员,1
电子工程师/技术员、软件工程师/技术员,1
销售经理/主管、大客户销售,1
外贸专员/助理、商务专员/助理,1
音效师、音响工程师/技术员,1
集成电路IC设计/应用工程师、激光/光电子技术,1
集成电路IC设计/应用工程师、光源与照明工程,1
市场/营销/拓展专员、文案/策划,1
仪器/仪表/计量分析师、电气工程师/技术员,1
集成电路IC设计/应用工程师、调研员,1
质量管理、测试工程师/技术员、采购员/助理、质量管理、,1
音响工程师/技术员、集成电路IC设计/应用工程师,1
设备工程师/技术员、工程/机械绘图员,1
激光/光电子技术、光通信工程师/技术员,1
电子工程师/技术员、技术支持经理/主管,1
销售专员/助理、经理助理、秘书,1
行政专员/助理、行政专员/助理,1
自动控制工程师/技术员、项目工程师/技术员,1
数据库工程师/技术员、技术支持工程师/技术员,1
产品经理/主管、产品工程师、电子产品经理/主管、产品工程师、,1
结构工程师/技术员、夹具工程师/技术员,1
机械工程师/技术员、技术支持工程师/技术员,1
电子工程师/技术员、数据通信工程师/技术员,1
采购员/助理、生产计划/物料管理,1
销售经理/主管、销售专员/助理,1
储备干部、技术支持工程师/技术员,1
硬件工程师/技术员、家用电器/数码产品研发,1
市场/营销/拓展经理/主管、市场分析/调研人员,1
财务专员/助理、股票/期货操盘手,1
集成电路IC设计/应用工程师、维修工程师/技术员,1
销售代表、电子工程师/技术员,1
总裁助理、总经理助理、销售工程师/技术员,1
出纳员、行政专员/助理,1
项目执行/协调人员、知识产权/专利/商标,1
建筑机电工程师/技术员、给排水/暖通工程,5
